strength,dexterity,constitution,wisdom,intelligence,charisma,weight,height,modifier1,modifier2,modifier3,modifier4,modifier5,modifier6,modifier7,modifier8,score
156,181,54,61,159,60,170,58,56,60,56,60,6,4,4,4,652.5665134
148,137,89,147,159,79,166,84,47,44,53,49,11,10,5,8,413.14527
164,144,79,143,164,84,175,80,51,56,53,56,7,13,12,8,510.8308053
176,53,84,178,198,85,180,88,37,38,40,36,5,5,0,5,392.261796
164,86,86,75,185,93,180,89,45,47,46,48,-1,2,-1,3,472.2586957
168,91,65,60,187,60,172,60,62,67,60,63,7,0,6,4,668.6896569
179,182,90,104,159,100,175,95,32,26,29,31,6,9,8,9,281.9108796
164,73,86,62,157,88,169,87,56,52,49,53,12,8,10,10,420.1413123
162,125,80,189,181,86,162,83,35,33,32,32,3,5,2,6,313.1462898
171,181,49,167,164,59,169,54,46,42,44,43,4,9,13,9,533.1661851
157,111,83,105,172,81,172,79,25,28,24,23,10,13,7,8,305.264995
145,98,82,190,152,87,163,85,66,62,61,62,8,12,5,10,458.4275501
184,63,81,122,177,79,183,78,65,68,68,64,8,2,5,6,614.5420301
165,96,77,105,179,84,168,79,43,38,40,40,9,8,4,9,383.6800733
187,53,62,115,188,70,180,67,27,23,23,27,2,4,5,2,462.8097194
165,179,56,97,165,51,176,52,35,26,28,31,9,12,10,8,506.4809893
193,61,84,68,157,89,175,87,67,60,63,62,0,9,7,4,540.0613855
168,132,90,94,168,89,177,88,38,41,34,38,4,5,4,5,391.0574951
186,110,52,194,186,50,173,51,50,49,49,46,6,7,4,7,596.1516179
185,52,74,181,188,80,171,79,56,50,49,54,8,6,13,9,480.1794037
155,154,73,91,171,72,173,69,19,24,20,22,13,14,12,11,332.1482076
172,83,76,130,162,84,166,79,27,19,17,22,15,10,9,10,261.54555
171,53,83,117,176,89,178,86,25,17,17,22,15,13,14,10,275.4014851
159,109,52,174,144,59,159,56,47,39,47,43,5,7,7,6,501.8786232
179,173,77,162,174,77,163,77,64,63,64,64,0,4,-1,4,553.2542578
187,118,63,141,170,61,176,66,26,32,32,27,8,-1,5,4,440.8475674
159,50,52,51,187,48,173,49,36,37,42,41,6,15,16,11,546.444797
166,148,46,187,152,46,167,46,52,59,56,57,3,8,7,3,689.1269865
184,54,75,69,176,76,177,73,56,48,55,52,14,6,16,11,509.1860539
158,125,72,87,148,67,168,72,60,56,61,56,8,15,7,10,510.2843039
169,109,86,117,189,79,177,81,54,56,51,55,1,2,5,2,549.3259562
165,161,63,194,175,63,175,66,42,34,33,38,-2,2,-2,3,506.3454878
192,127,80,100,164,82,178,78,48,52,45,49,5,0,-1,3,526.7991786
178,191,63,81,173,58,179,60,31,29,35,30,-2,4,6,1,520.4353317
189,78,80,186,151,81,169,76,24,29,22,24,12,2,9,7,321.8139368
174,126,57,77,192,50,183,55,30,31,32,32,5,2,1,4,551.3343845
185,140,67,130,184,66,174,66,52,47,45,49,7,4,7,7,542.4704102
178,146,101,95,173,98,177,98,39,40,31,35,11,4,11,8,302.4867006
183,67,91,198,178,90,183,92,34,27,28,29,16,16,8,11,299.5979716
190,59,85,191,155,87,175,86,45,41,46,44,12,13,7,8,407.9578143
182,111,54,124,168,60,179,59,60,60,56,57,10,4,3,5,658.8944551
178,114,82,199,187,79,175,80,17,18,18,18,4,-1,1,2,323.0013036
178,142,63,73,175,70,170,67,64,60,65,65,6,6,11,8,610.8974826
188,196,84,91,176,88,172,86,57,51,53,54,-1,3,0,3,489.7478718
170,65,91,128,181,91,181,86,50,58,52,55,10,8,8,9,491.5233547
178,121,71,173,152,76,165,71,54,59,57,58,8,5,9,7,534.4937788
173,140,74,199,193,75,176,79,33,36,39,38,8,11,5,10,399.4182183
180,154,71,152,167,77,162,73,45,40,45,41,7,-1,6,3,439.6717788
168,136,80,112,137,78,156,79,55,53,55,52,6,7,6,5,437.7650055
168,70,74,104,179,69,173,72,28,26,32,27,8,5,4,7,375.3326105
187,171,70,53,184,70,180,74,22,29,28,27,13,8,9,10,373.079463
160,75,47,102,192,45,180,47,53,51,45,48,6,3,11,8,648.6554577
196,162,65,122,201,75,184,70,25,26,30,27,6,6,-1,2,464.9489279
156,131,55,170,160,52,173,56,30,27,29,29,7,-1,8,3,497.9473596
182,197,64,122,178,67,171,62,53,47,54,51,1,1,-2,3,591.2184928
189,180,83,85,196,86,187,82,37,40,43,40,6,5,13,9,445.5600615
175,136,70,55,181,60,168,65,47,42,47,43,10,3,3,8,479.7087461
151,93,85,190,187,80,171,81,59,58,56,56,7,14,7,10,475.8884476
154,101,62,126,172,65,173,62,32,34,31,30,7,-1,8,4,464.7499243
188,194,71,81,172,70,176,73,46,43,40,44,7,4,4,8,477.0606134
161,55,63,110,190,58,177,61,32,34,31,31,10,7,6,9,456.9646865
181,125,90,109,160,90,176,87,49,49,50,46,7,4,7,6,434.3326622
166,88,55,183,167,60,163,58,22,16,17,20,10,3,6,7,364.1846875
184,160,82,60,174,86,173,82,53,59,49,54,6,12,7,8,480.5091225
176,57,83,88,165,77,168,78,34,37,35,34,12,11,6,9,353.4046045
161,80,66,175,169,73,172,68,50,50,55,50,3,1,8,3,557.0959434
178,192,80,64,166,79,168,83,21,22,22,25,11,6,6,10,269.5763947
166,96,68,196,189,72,173,73,60,57,55,59,7,1,5,4,586.3932653
171,189,88,169,200,83,183,84,43,47,47,48,5,11,5,7,482.8795821
159,122,81,73,159,78,177,80,24,20,24,23,14,11,5,10,306.1113814
159,75,68,198,178,66,173,64,51,45,51,46,11,10,5,7,530.3030687
174,57,71,192,199,67,179,66,41,35,35,38,9,6,9,8,490.5010001
169,198,83,81,170,84,171,84,37,39,38,36,-1,-3,1,2,396.8703967
174,79,72,119,168,73,178,74,61,67,62,65,5,0,1,3,639.897951
180,112,93,62,176,97,170,95,56,55,49,53,8,9,9,8,397.1538494
153,103,75,117,158,75,160,79,53,59,60,58,14,14,9,10,453.4666595
161,194,55,114,168,49,181,50,19,19,29,24,11,5,11,6,506.1435549
171,134,87,129,190,88,170,88,44,45,46,42,-1,6,1,4,394.5768279
186,134,79,181,192,82,176,79,45,44,44,40,1,9,1,4,450.2496481
188,65,77,135,156,71,171,73,20,14,15,18,8,3,0,4,329.7007515
189,99,95,198,196,89,179,90,32,31,35,32,6,7,8,6,348.2304224
165,96,75,173,181,68,170,72,22,22,21,23,11,7,7,11,314.0864576
171,85,53,147,173,55,167,54,24,30,23,26,15,11,9,11,408.2432164
185,159,66,50,185,74,189,71,45,53,45,50,15,11,15,10,562.3286586
164,105,89,136,181,92,172,90,32,30,32,31,9,7,10,11,278.5788001
161,80,68,197,157,65,168,69,43,38,47,43,4,5,10,8,460.9191452
167,191,105,72,185,98,170,102,23,16,20,18,6,9,4,7,160.3158018
155,176,76,153,189,75,169,74,56,61,64,61,0,2,5,1,596.2628656
160,172,69,71,189,70,179,67,50,41,41,45,-1,3,1,2,569.963054
157,142,84,191,171,85,166,88,51,44,46,48,4,8,1,3,421.5299941
191,84,83,123,164,77,181,79,21,22,23,20,10,14,14,11,303.0176678
190,72,73,174,183,67,171,71,27,31,32,28,2,3,4,3,406.94079
146,54,68,116,179,71,164,72,59,64,64,62,11,6,3,6,557.1110802
164,99,82,87,167,78,177,83,32,34,36,36,13,4,3,8,385.4979034
186,99,89,83,159,97,178,94,39,43,36,41,6,4,2,3,398.1578797
165,57,76,195,159,79,176,79,59,51,52,54,4,8,4,6,521.6087589
188,171,59,175,166,58,186,57,27,27,28,28,-1,7,8,3,537.2898514
168,187,87,128,161,89,173,91,54,57,53,52,8,9,3,5,445.0390043
174,125,77,100,186,80,174,80,61,62,61,61,6,8,10,10,523.3180294
192,153,67,151,191,77,179,72,25,23,18,21,10,9,9,6,370.628016
190,76,64,135,190,61,171,65,22,16,18,21,9,6,9,7,367.0806888
171,125,95,191,196,92,182,95,60,53,58,55,8,6,5,10,445.2181591
170,198,82,165,173,84,170,84,26,28,34,31,9,4,4,8,322.6243022
177,110,86,67,174,96,186,91,62,55,55,57,6,4,8,4,533.0144827
180,105,51,70,156,57,173,54,57,63,55,60,2,-4,-1,1,708.0079386
168,195,73,74,157,68,177,68,20,21,23,24,11,3,10,8,386.9501814
181,195,91,182,151,98,167,95,58,63,61,62,7,3,3,4,468.3603032
180,192,76,180,192,78,178,78,51,53,58,54,11,6,10,9,514.2741984
166,151,82,95,195,77,175,79,52,56,52,52,2,9,1,4,521.5446402
177,192,75,178,161,80,176,79,28,24,21,25,3,7,5,2,375.60909
168,141,57,158,179,56,180,59,28,27,27,28,3,4,4,4,496.007322
170,72,71,64,164,72,169,76,31,30,36,34,5,9,12,9,367.402226
157,76,74,87,164,84,168,79,32,30,37,33,2,7,8,7,357.6448488
177,111,87,166,176,81,174,83,65,68,69,64,11,6,16,11,520.0953312
159,111,68,51,189,59,172,63,22,25,27,25,-2,2,-1,2,440.6807548
186,186,61,98,188,68,179,65,59,60,64,63,5,10,4,9,635.2780394
167,162,73,120,185,67,182,70,31,38,37,36,-1,-1,-2,3,502.9240563
171,81,80,117,195,86,182,82,28,31,28,32,6,5,6,8,385.2054037
176,102,85,173,182,86,176,83,28,21,23,24,13,7,14,11,288.2391118
191,103,49,83,182,51,182,53,38,36,38,41,8,0,7,4,612.6547012
196,139,70,167,179,65,177,69,34,26,32,31,5,7,10,7,430.4563667
163,187,74,89,160,73,175,70,24,22,21,26,11,10,6,11,360.8862215
181,133,69,143,154,70,169,73,30,30,35,34,2,-4,2,1,438.4743639
194,120,58,105,194,54,184,58,46,42,46,41,6,11,9,11,548.1346678
179,131,81,153,172,84,178,84,60,58,64,61,3,3,-3,1,581.7769376
189,53,49,187,185,51,180,54,31,30,24,29,16,14,13,11,478.4519185
177,144,59,111,192,59,174,59,37,36,37,33,5,11,9,8,473.6241099
149,80,67,143,181,71,165,66,60,62,64,61,3,10,7,7,580.1834488
146,157,62,164,177,58,164,63,25,22,22,20,6,5,-4,1,383.8745457
191,59,68,168,164,73,179,71,36,29,28,31,8,2,8,7,431.1934458
157,111,91,82,167,93,171,95,24,31,31,29,10,15,11,11,236.9514051
189,162,77,171,194,72,178,72,37,37,32,37,5,-1,7,4,476.6573459
180,198,75,144,186,76,177,79,35,34,35,39,15,6,16,11,401.9890873
165,131,60,154,159,68,170,63,48,47,44,45,10,4,3,7,515.9953634
182,180,78,196,167,78,168,74,29,28,22,27,7,9,12,9,332.4753191
178,157,56,112,173,62,178,58,42,45,49,45,6,-2,-2,1,617.2580035
169,171,71,63,165,73,176,76,63,66,68,64,16,7,7,11,562.6364281
184,163,110,194,176,110,172,108,52,55,59,57,7,-1,-2,2,405.7440594
168,152,81,125,181,76,164,81,47,51,49,47,15,14,16,11,386.5493528
196,181,70,72,166,69,176,67,51,50,46,48,10,6,2,7,540.5539064
168,98,84,54,185,90,173,87,25,26,23,23,-4,-4,5,1,317.5477206
152,117,73,76,185,73,167,70,27,33,23,28,12,9,6,8,360.9039585
158,109,64,118,141,54,160,59,53,55,46,51,10,10,9,11,504.9000729
165,127,83,186,195,81,178,80,57,62,59,57,6,7,11,8,530.3789092
185,64,87,64,153,91,171,91,42,47,43,46,13,9,16,11,359.8381521
166,162,72,56,192,80,183,76,51,56,55,55,8,5,10,8,556.9646768
193,192,57,102,177,56,182,54,53,53,55,51,1,3,7,2,683.253451
193,143,76,105,172,82,176,78,51,46,51,47,8,1,6,3,506.8271818
170,194,78,139,150,88,163,83,42,48,48,47,10,6,10,10,380.6147821
186,139,73,111,194,76,175,76,34,33,37,37,11,11,12,9,411.5834159
170,125,58,80,183,64,174,59,45,50,47,45,-4,-3,-1,1,595.2893942
187,80,86,138,164,87,178,83,50,51,54,51,4,10,2,7,485.4660775
176,160,59,50,162,58,169,60,36,39,42,40,5,8,-2,3,525.125446
168,81,85,177,188,76,181,80,38,39,36,36,-4,6,5,1,463.1489894
158,63,50,83,185,44,170,48,66,66,65,64,8,5,10,8,698.2507266
167,111,68,134,162,67,167,69,49,57,53,54,11,3,2,7,528.1568649
170,196,66,64,153,69,163,64,56,54,49,52,13,12,13,11,496.4273368
159,191,79,154,161,71,172,76,28,33,27,31,8,8,0,5,390.457829
186,74,88,71,150,86,170,85,32,28,31,27,4,7,8,9,284.0471485
164,119,68,189,167,67,176,70,18,15,16,19,12,8,9,10,329.2955604
169,61,67,178,158,67,169,70,42,43,45,44,4,8,7,6,480.6870466
160,166,62,182,153,58,166,57,37,33,38,38,5,4,7,2,522.602596
158,192,66,134,179,58,177,62,34,40,38,39,3,7,6,2,548.1554452
165,86,75,161,183,71,167,71,23,27,30,25,10,4,12,8,337.9079368
145,174,55,153,154,50,155,54,45,38,37,40,-1,6,-3,2,506.6205646
192,176,63,117,181,55,178,60,31,31,33,34,1,9,8,6,505.7971573
164,127,80,60,186,88,167,84,68,69,68,64,2,1,9,5,528.2154388
174,156,74,185,173,79,171,77,51,43,52,47,6,6,-1,2,498.188367
201,74,72,71,187,78,182,73,61,61,53,57,4,7,11,7,587.4024561
165,117,61,79,174,60,184,62,51,51,50,47,7,9,-1,4,611.0491685
152,70,83,155,142,84,160,79,23,19,17,18,9,9,3,4,255.3989108
157,145,82,192,166,88,176,87,28,25,30,27,3,6,5,8,304.7409761
196,122,87,189,189,92,181,92,49,41,43,45,1,8,1,3,443.4800111
193,120,114,149,179,116,176,115,50,49,50,51,10,12,12,8,308.6669048
168,90,88,100,158,93,175,89,32,33,25,28,1,2,4,3,334.4634472
168,71,66,195,162,68,163,66,30,27,29,30,8,10,7,11,355.0237317
190,179,76,168,187,72,175,73,58,51,61,56,6,5,4,6,560.0316113
169,91,70,113,159,69,173,71,39,44,35,39,6,11,5,8,443.3321711
181,96,87,155,168,82,164,83,51,48,55,50,6,7,5,9,410.6497115
188,98,69,156,161,69,169,67,51,52,50,48,5,9,6,8,505.4972498
166,177,81,58,193,74,173,77,57,66,60,62,9,5,11,6,569.6350541
166,61,77,148,174,68,169,73,32,29,38,33,1,3,0,4,412.3468648
184,96,62,173,180,66,173,67,47,41,40,42,1,3,3,4,511.6006156
158,100,61,164,171,63,173,62,26,26,27,27,4,0,8,5,441.1052249
167,165,57,71,185,58,172,60,66,63,57,61,-2,-3,5,2,669.7454987
173,133,65,150,170,69,180,68,35,36,33,33,2,-1,-3,2,494.8984616
193,193,72,121,165,68,178,70,49,46,43,48,3,2,1,1,573.998234
172,100,88,124,177,86,183,84,32,36,38,36,4,8,5,8,403.3686496
160,174,64,173,174,58,161,60,66,67,58,62,9,11,12,10,576.1469117
172,147,62,189,183,67,176,63,38,37,37,35,7,4,11,9,465.6947155
175,199,56,105,170,63,158,58,34,41,41,39,7,3,3,6,464.2369229
195,134,68,53,195,67,176,72,28,28,21,24,4,8,9,5,381.3901704
152,195,57,168,166,64,166,62,23,25,33,28,-1,-2,5,2,439.3866977
186,172,59,121,165,53,174,55,65,64,69,64,-1,2,4,1,728.1131809
161,180,67,78,169,69,178,72,27,27,28,23,7,4,9,9,357.9525037
178,138,73,93,185,65,178,68,36,31,28,33,5,7,-2,3,481.4289849
159,119,60,157,188,69,169,65,59,51,52,54,5,9,15,10,535.7498408
170,115,50,144,173,48,178,51,60,56,57,60,8,10,9,6,704.921194
170,65,90,92,173,88,174,90,49,54,52,53,2,6,5,6,451.8494128
197,120,86,160,157,92,177,90,44,45,54,49,13,13,15,10,413.2449341
179,168,66,172,183,60,175,62,49,51,55,54,5,7,5,7,596.1960307
152,134,78,136,163,72,164,76,66,61,62,63,7,11,10,10,515.7792868
175,120,68,172,179,73,167,71,57,54,57,58,6,6,-1,3,569.9834248
182,123,75,179,191,74,173,75,58,55,54,57,4,4,11,8,534.2528487
149,107,81,89,169,82,165,77,42,52,48,47,7,4,8,5,453.8580524
161,139,84,159,163,84,173,83,46,44,43,48,9,12,10,9,432.5284721
174,67,69,89,185,71,179,69,61,55,62,60,0,6,2,4,633.6258305
197,198,81,141,170,79,177,77,53,53,48,51,5,12,13,8,502.0847474
166,129,59,69,161,67,176,64,48,49,57,53,12,12,8,7,585.5421064
169,76,63,175,172,61,180,63,49,50,43,47,14,12,9,11,540.6821036
187,181,60,83,173,60,167,60,29,27,35,30,10,10,14,10,409.0537869
179,87,67,136,176,68,177,65,51,46,51,46,3,10,13,8,531.0864784
169,111,73,70,167,71,164,69,61,60,64,61,-4,5,-1,1,598.5206736
184,116,76,150,193,75,173,76,34,31,35,34,8,1,4,5,412.9667143
189,65,84,122,164,84,171,89,41,42,36,37,7,5,14,9,330.1097094
185,96,84,156,181,81,182,82,19,26,22,24,12,4,6,9,332.8090794
162,128,84,147,181,89,171,86,23,24,19,19,4,-1,0,4,271.5230098
171,92,68,133,165,59,178,63,37,34,30,34,5,7,0,3,510.7925422
149,132,78,57,182,76,168,75,39,35,35,39,6,5,5,10,392.0437898
165,139,66,110,195,74,179,69,44,40,37,42,8,12,9,8,499.6498996
163,59,62,141,193,72,183,67,41,47,47,42,3,8,9,7,531.182681
162,93,77,170,184,82,171,79,30,24,29,26,6,8,3,8,320.6591698
183,118,56,162,171,59,178,58,41,42,35,40,5,8,6,8,537.5413683
182,96,84,112,185,82,175,81,32,37,35,37,-3,1,2,2,433.4562488
200,163,88,145,194,91,183,91,48,46,43,48,12,2,4,7,448.1933361
149,58,72,56,184,69,166,73,43,53,53,48,9,10,11,6,478.3762965
168,190,62,184,187,58,176,60,20,20,29,24,7,8,1,4,451.482606
164,138,87,79,157,77,177,82,27,29,26,24,6,12,9,10,302.2422919
190,75,72,132,172,75,177,75,46,50,51,47,3,5,3,4,519.7354561
186,73,78,114,164,82,176,82,38,35,37,40,8,-1,-1,3,443.4428415
172,62,81,51,153,90,165,85,45,49,43,48,8,8,0,5,418.1415989
195,172,68,73,173,68,176,69,57,55,54,58,10,9,12,10,568.7075764
187,81,90,54,192,88,176,86,50,58,51,54,16,9,12,11,451.4554786
145,127,82,178,145,89,162,87,31,30,36,32,-3,7,7,2,322.7712486
158,66,86,91,181,88,176,83,42,40,38,41,9,6,5,8,409.3914455
162,100,71,99,152,66,166,69,56,51,53,51,5,8,10,9,493.8981332
171,194,68,135,197,65,184,70,48,43,38,43,4,8,6,8,520.1237919
175,171,98,173,193,93,178,98,61,63,61,58,8,15,15,10,430.8054593
162,81,82,71,197,75,180,78,41,46,43,43,6,10,12,8,461.9962826
182,74,51,168,193,51,179,52,60,61,64,61,14,7,13,10,682.711688
178,193,84,109,164,81,168,80,29,32,23,27,6,11,12,7,316.5912787
183,92,56,172,196,62,176,57,22,27,18,22,2,6,7,6,438.6222394
171,50,84,141,161,88,171,88,51,54,49,51,16,8,8,11,404.8457207
186,77,86,165,183,82,175,81,50,53,53,52,13,8,6,10,467.956239
169,107,69,76,175,67,166,71,63,66,62,65,8,12,8,9,566.4372683
193,118,84,184,193,75,173,79,61,59,62,63,12,11,11,9,544.0746396
174,88,91,138,182,85,162,86,30,31,36,34,12,3,9,7,304.1460653
185,194,74,153,190,79,174,74,42,43,47,43,6,3,3,5,478.7643232
166,175,73,93,165,68,179,72,63,68,60,65,14,8,12,10,608.4333684
190,131,74,102,180,72,172,73,22,16,18,20,10,4,13,9,310.5649218
148,162,68,179,179,69,162,67,21,21,22,23,2,6,2,6,340.164271
186,179,82,72,159,80,173,79,42,42,41,41,6,10,6,9,410.7734409
164,186,72,126,178,65,159,67,46,52,50,51,7,10,3,7,488.3275338
184,179,68,142,160,61,168,66,31,32,24,29,11,7,5,6,401.8110837
174,90,62,66,161,61,172,65,60,60,58,62,-1,0,7,2,652.1941917
170,173,57,194,176,58,176,59,35,30,28,33,5,13,9,9,473.271994
150,196,72,174,171,72,168,72,55,48,58,53,8,10,8,11,484.1716976
188,79,91,194,155,90,170,86,21,23,22,19,12,7,6,11,217.1323184
183,165,58,182,160,54,164,56,34,32,35,30,11,6,7,7,439.6582245
163,84,62,191,176,55,173,57,44,42,49,46,10,1,6,6,571.1474446
186,152,85,155,163,79,169,83,49,48,50,45,5,7,2,2,446.1021993
177,141,62,133,168,66,180,64,59,67,69,64,7,9,2,4,687.0692255
173,97,42,97,154,36,169,40,45,42,38,41,6,13,10,9,589.2555045
172,53,67,82,178,74,177,71,32,25,27,28,-2,2,6,2,438.079261
164,172,76,97,162,82,170,78,21,23,20,18,14,12,12,10,258.4002805
191,165,69,100,192,71,181,72,44,39,41,43,11,9,5,7,504.474231
174,128,71,176,159,65,174,66,57,67,67,62,8,3,2,3,648.6469522
168,114,70,132,194,73,174,73,40,34,34,35,1,7,6,5,439.311476
157,70,61,135,156,61,170,65,29,32,38,34,8,4,3,6,448.359282
167,180,52,163,179,56,168,53,48,47,49,52,9,10,3,5,614.7964776
177,148,67,192,176,71,171,69,42,38,45,43,11,2,6,7,478.6693983
183,184,74,193,164,76,179,76,36,39,37,35,8,4,5,6,435.8343478
192,127,74,129,190,81,173,79,28,24,28,24,9,3,9,6,331.5496201
149,50,68,112,148,67,163,69,23,24,29,24,-2,5,-2,1,373.9178452
160,152,69,123,162,67,174,72,44,46,45,46,4,5,12,9,480.3887359
154,182,86,187,176,82,173,86,52,52,53,52,1,0,-1,3,484.2594714
171,75,82,193,182,84,179,79,44,38,39,40,1,2,5,3,470.5880633
162,119,76,62,177,75,170,72,22,23,22,26,2,5,0,5,372.0866679
147,130,73,90,150,75,161,72,36,35,43,39,5,6,8,6,408.4428501
169,178,94,59,156,95,163,94,33,32,29,32,6,-1,6,1,298.7981143
187,188,74,159,188,78,183,74,33,39,38,37,15,7,6,10,445.3055803
176,102,65,191,193,68,177,65,28,28,23,24,1,6,0,3,436.7078974
182,143,63,134,167,67,185,68,33,37,38,36,7,9,12,7,498.124513
177,196,65,62,163,68,175,63,40,35,36,38,9,8,6,11,467.7843707
194,140,84,71,190,90,175,86,18,16,20,21,16,10,16,11,249.8592382
160,78,51,198,181,54,173,50,52,50,51,51,8,7,11,9,616.3577394
192,67,80,152,189,82,174,81,26,26,29,28,10,7,8,7,341.4911728
177,160,33,115,189,41,176,37,25,32,30,29,16,11,9,11,546.2062534
173,167,73,69,169,67,184,68,56,57,55,54,2,10,1,6,609.3266736
186,109,61,131,188,68,182,63,63,64,65,60,3,4,10,5,667.3837838
186,117,70,69,183,74,170,74,54,53,56,52,11,10,15,11,475.0981339
188,120,74,117,164,69,172,72,57,56,54,56,5,15,9,10,526.0888104
182,144,64,199,152,68,165,66,40,39,38,37,4,-2,0,2,467.2713505
160,165,89,166,184,83,170,85,64,58,67,62,10,9,8,8,501.8395395
185,98,86,112,152,80,171,83,36,35,32,36,12,4,5,7,364.9262895
163,178,64,177,176,73,179,68,27,29,35,30,4,10,10,8,430.7761718
179,96,58,110,177,60,172,57,42,44,42,43,6,5,2,6,549.7174465
166,110,84,73,155,85,171,80,47,50,46,46,14,13,7,11,415.3580747
166,91,100,104,155,97,172,95,35,45,44,40,1,4,0,4,355.5503748
188,103,75,143,184,79,174,80,51,45,46,46,13,12,8,11,426.795541
185,157,87,66,167,94,182,91,59,59,59,54,7,12,12,11,449.8515118
141,113,85,118,176,81,159,80,20,21,24,20,15,9,7,11,208.567335
186,184,88,81,175,89,171,89,30,31,37,34,8,10,6,9,311.2185361
164,156,71,163,160,79,170,75,65,56,58,61,7,6,7,6,560.1251912
196,120,78,90,178,77,181,74,53,57,50,54,12,7,7,7,561.106746
189,139,68,143,183,68,171,72,60,51,58,56,10,8,8,9,526.3748346
169,149,85,102,183,87,175,86,43,42,44,47,10,5,11,9,420.7003883
165,122,71,180,176,77,176,74,51,50,46,50,5,-4,-4,1,557.4624341
140,181,69,158,162,64,160,67,57,63,63,62,1,1,3,4,580.7240629
148,170,71,163,157,68,168,73,56,51,59,54,2,-1,9,4,533.8032086
182,197,77,54,164,76,173,81,45,48,47,49,9,9,9,4,483.6892404
180,162,68,188,167,74,184,69,42,38,43,40,0,-2,2,3,539.350165
148,92,91,90,155,82,164,86,33,31,25,30,6,6,0,1,330.8981798
174,108,69,105,167,71,166,73,37,37,38,38,4,6,1,2,445.2686534
164,164,71,129,171,64,170,68,48,48,44,49,12,6,4,7,515.851439
161,173,93,113,179,97,173,95,53,60,59,58,2,4,-1,4,469.4651852
173,183,63,109,189,65,172,66,48,47,48,44,2,8,10,6,511.8999812
195,74,75,163,171,81,181,76,23,28,23,26,7,2,3,7,381.6327614
182,106,60,172,182,57,171,62,32,34,31,30,7,2,4,5,449.9872977
172,152,67,168,179,63,170,62,20,29,24,24,9,7,9,4,417.1346608
159,197,84,165,173,83,168,84,61,66,61,61,4,2,7,5,513.713739
159,59,84,171,179,81,176,81,13,17,18,18,-2,0,7,3,319.2326486
192,97,83,66,180,84,178,87,63,59,56,61,12,8,3,8,516.0564487
182,149,41,71,171,42,179,45,41,40,48,45,1,6,6,1,682.9390628
163,126,71,51,177,69,172,71,26,33,32,29,1,0,1,1,432.6220479
161,52,58,91,169,53,178,56,50,57,56,52,2,0,-2,2,660.803411
171,68,84,66,171,92,168,87,20,27,20,24,0,7,4,5,275.4188224
165,156,70,100,165,72,166,71,44,46,46,49,5,14,11,10,464.761409
182,132,59,66,160,53,176,57,61,51,54,56,-3,0,6,1,679.1185735
170,83,77,185,184,74,187,79,56,53,57,56,4,8,3,5,582.9590179
180,135,59,189,163,65,168,64,59,65,61,60,7,5,12,7,595.6812409
169,191,78,108,182,77,181,80,26,24,27,23,11,7,5,7,343.1539152
182,158,61,67,186,65,187,61,60,63,61,62,11,11,6,8,689.9849384
149,86,86,199,160,82,166,84,37,41,38,41,4,0,5,1,412.9211553
164,164,75,155,190,83,170,79,61,54,61,56,8,7,6,4,523.5691226
190,73,51,156,182,53,171,54,48,43,47,45,15,13,10,10,544.770689
167,177,73,144,148,74,165,75,45,42,40,40,1,0,7,4,427.2180955
183,125,71,67,170,77,178,76,54,55,52,53,7,7,6,11,501.6461864
170,116,70,189,194,73,188,75,41,39,37,42,10,5,10,6,517.6741996
174,141,60,125,189,56,170,58,26,20,27,22,6,2,6,1,445.4926069
178,199,111,58,168,109,173,110,29,32,33,28,1,3,11,6,198.0113654
160,161,70,155,154,64,167,65,29,36,34,32,5,13,7,9,403.8211238
155,148,72,134,185,74,170,72,49,54,47,49,1,2,7,3,524.0504342
147,191,78,79,160,82,164,81,37,36,32,34,3,3,8,5,351.3585435
155,185,86,111,169,82,170,82,37,28,31,32,11,8,9,9,328.4647725
189,87,54,111,196,55,181,58,60,61,65,60,3,0,0,1,717.3399959
163,152,84,50,185,88,170,85,41,45,49,46,13,6,11,11,383.8431559
195,164,90,57,197,91,178,86,59,54,57,54,-2,8,5,3,516.537383
191,145,57,178,181,55,178,59,39,36,43,39,7,4,8,4,554.8897773
164,148,76,148,165,76,171,80,43,39,41,44,3,3,1,6,437.8053186
190,104,68,67,178,76,175,71,27,29,20,25,1,1,6,1,417.6193413
148,193,52,129,149,44,164,48,33,36,39,35,11,10,5,10,486.2278396
177,58,87,58,150,86,165,89,30,30,34,31,10,13,10,9,267.6932209
150,150,83,162,167,84,165,84,62,62,65,65,14,6,14,9,498.6071531
163,143,70,169,156,69,168,74,23,22,15,20,13,11,7,9,289.6782022
164,109,70,95,191,69,171,70,43,40,36,39,10,5,10,6,456.9890655
186,184,76,158,170,73,166,72,57,51,49,52,6,-1,1,3,526.5059485
189,61,73,128,170,73,170,76,52,48,49,53,10,8,3,8,493.6402918
151,166,61,116,157,56,157,58,26,26,26,30,-1,-1,0,1,441.2292203
175,107,76,121,171,72,165,77,69,60,64,64,-3,7,3,2,573.9336007
185,172,70,145,176,78,173,74,35,35,37,32,5,4,3,2,429.7427594
183,73,75,186,187,72,173,71,47,45,38,42,14,6,7,9,455.5100746
192,116,92,99,191,95,174,90,15,16,23,20,0,3,2,2,282.5682724
155,99,96,181,185,87,174,92,32,38,32,33,2,2,4,3,343.6825911
177,96,89,153,156,80,157,84,30,29,32,29,-2,2,0,1,305.3421593
169,192,73,77,191,65,172,68,35,26,33,31,11,6,5,7,413.779869
207,107,83,50,181,80,188,78,50,60,60,55,2,7,5,5,589.1398259
180,118,87,132,194,83,176,85,27,22,22,26,0,5,6,2,352.0329111
168,70,61,100,165,56,184,56,34,31,29,31,9,3,4,6,531.3960419
179,107,61,192,153,59,170,62,34,41,41,39,7,12,3,8,480.0369765
172,63,56,133,159,58,170,61,30,25,27,26,-4,3,4,1,456.1577362
182,127,74,175,189,69,170,72,21,26,23,23,12,6,13,9,326.0992927
150,94,86,122,175,84,167,89,19,22,23,23,-4,-2,4,1,285.9084396
177,77,77,153,152,76,170,74,48,56,54,52,9,16,10,11,475.3728423
167,87,77,90,204,77,186,76,44,44,48,47,2,1,-1,4,550.7796799
198,159,87,86,170,93,179,89,30,33,29,31,7,12,13,11,309.6467884
178,124,77,85,169,71,171,76,40,41,44,40,5,7,4,2,460.7593883
158,62,73,95,157,68,166,70,57,55,50,53,7,4,1,4,535.3943644
181,133,76,82,175,74,179,76,44,45,46,42,15,13,16,11,442.1523159
153,144,66,139,156,75,173,70,43,52,44,47,6,3,12,8,499.1536319
196,92,78,167,172,79,183,74,15,16,21,20,-1,0,-2,1,406.0690015
184,116,93,161,166,95,176,90,23,29,31,28,4,13,9,9,290.6715821
156,163,89,137,158,86,169,84,46,38,42,42,12,11,13,9,376.7900439
164,78,81,145,154,83,172,82,56,53,57,52,11,7,13,11,443.9566013
189,66,83,165,183,91,180,87,58,59,54,55,0,8,-1,3,523.6820364
153,131,79,156,166,85,168,80,30,36,31,31,16,7,11,11,310.6611845
144,94,64,156,150,71,155,66,56,59,66,61,7,7,11,8,530.3195148
164,177,63,57,185,71,178,68,25,23,27,26,7,3,6,7,407.7706103
159,159,67,61,175,63,174,67,19,16,17,20,11,14,5,10,341.4049238
164,136,77,111,188,73,169,73,42,46,47,45,1,1,5,3,490.9905387
198,184,74,80,188,73,178,77,53,58,58,57,14,6,5,10,529.1561542
154,189,79,128,169,76,164,79,52,59,57,54,8,10,5,5,480.9737373
185,74,80,73,181,75,167,77,53,54,56,56,3,4,-4,1,543.6001752
191,135,71,145,159,74,171,75,19,14,21,18,5,3,2,4,319.268943
196,108,67,85,174,68,180,64,33,28,29,32,10,8,13,10,452.933225
175,119,66,187,159,70,162,68,60,56,59,58,0,7,4,5,551.0078746
174,83,78,143,172,78,173,76,21,15,19,18,5,2,4,7,301.7009909
179,199,64,177,173,66,169,62,20,29,24,25,16,16,9,11,368.9611482
151,53,79,197,181,85,166,83,60,62,54,57,10,11,15,10,453.3917258
176,137,64,116,164,59,165,64,23,23,25,20,4,2,5,1,383.9624053
173,176,45,97,148,44,165,45,58,61,55,58,8,6,4,8,658.2875718
185,99,78,108,185,81,170,81,54,55,47,51,10,12,6,10,443.5836051
193,118,73,100,198,76,179,75,15,22,23,19,6,11,11,11,308.6752985
160,84,78,52,170,71,167,74,26,20,23,23,6,13,5,8,311.9563275
145,168,65,89,157,62,157,60,49,55,57,54,5,8,9,5,547.9119803
157,196,80,84,163,71,174,76,22,20,19,19,4,1,2,3,340.5541061
178,184,78,195,163,73,176,76,49,47,48,48,7,3,0,2,530.8981705
167,164,70,199,150,70,165,69,21,24,23,24,8,5,8,8,332.1711915
181,150,65,196,176,63,186,64,50,47,45,49,7,14,10,11,571.5585917
172,189,71,149,188,74,178,76,40,46,42,45,9,4,3,7,482.3094535
166,141,59,60,153,60,172,63,29,26,29,25,13,6,12,11,376.6450068
187,150,65,75,163,67,183,70,57,54,56,54,5,8,6,7,588.5865817
173,186,68,115,187,74,173,71,60,61,60,61,7,15,5,10,564.0675789
182,169,50,173,167,46,176,45,24,24,28,27,10,10,2,5,539.7336709
191,112,57,168,157,61,176,59,50,47,51,52,5,-1,2,1,645.712332
176,67,56,103,174,57,161,57,27,37,37,32,10,3,8,8,425.9230932
201,94,65,182,174,67,188,68,31,32,30,34,10,11,6,7,497.5703243
162,139,68,91,155,69,172,71,48,46,55,51,-1,1,2,1,562.7995255
189,144,85,139,157,89,171,85,44,44,51,48,15,7,5,10,408.3232469
149,90,71,143,184,68,165,66,44,44,42,41,6,0,8,5,472.5480498
178,125,70,141,182,70,169,65,50,45,46,50,6,4,3,3,560.866314
145,88,82,55,154,79,165,83,59,49,59,54,3,-2,4,3,477.9310941
188,58,85,77,157,83,173,85,17,17,23,19,5,9,3,5,277.6515908
179,172,65,119,167,64,175,65,67,68,68,64,8,13,12,11,613.4607943
152,55,70,84,162,71,161,72,68,62,60,65,7,8,5,7,555.7906416
162,182,57,88,156,59,174,58,43,39,40,38,1,0,6,1,558.0653113
162,127,60,188,155,67,171,62,35,34,26,31,4,3,0,5,456.023533
177,190,66,125,178,61,172,62,20,21,18,21,2,6,0,3,414.1028284
154,127,63,176,175,62,167,67,33,27,30,30,2,2,3,4,415.1026261
169,111,86,163,167,83,176,85,47,40,41,43,6,3,4,1,461.2723548
162,66,57,132,196,50,177,55,31,29,24,28,9,7,2,4,503.6375234
161,86,72,51,152,77,149,73,60,68,64,65,7,13,5,10,481.0659703
183,127,75,61,194,68,176,70,55,55,50,55,1,9,2,4,586.6534658
192,139,93,120,194,87,178,91,49,40,48,45,4,4,-3,1,450.4802447
173,63,84,86,181,90,167,89,43,42,45,43,10,9,6,9,346.9627654
146,155,73,172,173,73,160,69,36,36,31,32,6,10,2,7,369.6319149
183,115,88,102,166,89,173,91,63,59,57,58,5,3,6,1,508.6011147
147,141,63,91,150,68,166,67,23,26,24,22,10,13,12,9,330.5246682
160,160,60,90,174,58,167,60,40,38,34,39,11,10,7,7,484.3560686
159,57,83,126,169,83,178,85,23,22,25,26,5,2,4,5,338.7221939
175,69,80,152,198,79,178,78,57,55,61,57,8,6,9,7,547.7721353
193,59,71,124,157,70,173,68,34,31,38,34,12,11,12,10,418.5037402
178,123,83,67,190,79,176,83,41,41,37,37,0,3,-1,4,414.0420531
176,81,62,130,184,63,183,62,24,18,26,23,-1,6,6,2,476.2977397
182,67,67,195,160,67,174,66,52,46,48,49,2,2,-2,1,584.249865
162,159,70,142,189,64,173,68,49,57,57,53,-2,1,2,1,593.666494
181,165,74,144,167,68,165,69,29,24,24,25,6,12,14,9,332.7517432
182,147,92,155,159,90,169,87,42,44,44,40,11,9,2,7,362.3859415
157,85,87,106,157,88,164,92,27,27,23,27,8,12,7,10,219.6933857
177,123,71,90,182,68,176,67,39,49,39,44,7,8,1,3,543.4487597
187,154,53,151,179,59,176,58,57,58,52,56,6,-3,-2,2,665.3132759
181,57,89,96,178,90,175,85,34,30,37,32,11,10,10,11,322.6297727
173,125,66,83,196,67,180,65,48,50,50,49,1,8,5,3,598.4956043
185,111,84,133,180,77,169,81,24,28,26,25,11,5,5,9,288.5942986
174,127,75,72,164,84,170,80,31,31,37,33,9,4,2,6,367.9412534
195,196,87,164,196,83,179,85,23,26,25,21,7,6,6,7,299.2766027
160,135,81,181,177,79,172,76,28,28,27,30,5,8,4,4,389.2453944
168,142,78,64,167,72,174,74,45,52,43,48,6,8,7,5,512.1163025
176,185,67,55,181,74,179,69,28,29,35,30,-1,-1,9,4,452.6461126
161,109,67,184,176,70,178,68,59,60,64,62,10,11,10,9,614.6594543
161,149,81,142,171,82,180,81,49,46,49,44,7,13,13,11,432.6314746
182,175,64,148,165,61,174,64,40,44,42,45,8,7,3,7,528.9716785
175,169,95,115,156,89,172,90,43,43,43,48,2,-1,-1,4,429.5808951
151,85,56,68,179,53,168,57,58,58,57,53,5,12,6,7,586.6808204
170,75,90,65,163,90,165,92,54,54,52,54,9,11,14,11,375.8124118
185,88,60,136,173,62,177,63,48,53,50,48,4,9,7,6,568.5823026
196,65,77,59,164,74,179,73,40,35,41,40,12,7,9,8,466.2239737
174,54,77,159,193,70,175,72,22,20,24,22,1,3,-4,1,397.1819645
197,173,85,117,195,81,188,81,27,23,24,27,-1,0,0,3,417.6617819
191,90,89,102,167,98,173,93,43,48,40,44,1,10,10,5,388.4703228
186,58,101,153,163,103,169,101,24,25,29,29,13,10,9,10,206.7255347
146,193,89,70,148,84,157,84,56,55,50,55,3,12,9,7,418.3591094
185,160,57,51,191,62,180,62,27,18,22,23,4,8,10,6,437.4256853
190,101,62,118,158,65,174,65,20,20,19,23,2,-2,4,1,432.998774
180,162,73,60,164,70,170,70,21,18,20,19,5,9,13,8,319.9418341
176,128,71,62,165,67,165,72,43,40,41,41,5,6,1,1,469.2479192
167,151,88,84,174,94,172,89,58,60,63,61,3,-1,6,2,528.701926
171,121,73,176,154,80,170,77,34,28,30,29,5,10,4,6,357.8335358
165,124,74,91,182,67,174,70,57,58,62,59,5,-4,2,1,623.5131316
160,92,60,157,164,69,177,64,19,20,21,22,5,5,0,1,442.9952585
168,118,58,175,152,64,170,61,28,18,26,23,8,9,13,9,380.2689759
171,98,84,183,176,80,165,81,46,51,45,47,8,8,10,10,399.2214676
174,97,83,190,194,78,180,79,56,61,59,61,12,6,7,9,558.8513731
176,63,74,171,163,76,178,76,55,58,62,59,9,0,6,4,587.3143614
194,88,67,193,156,66,175,67,19,22,18,22,6,8,10,11,350.8877922
154,127,81,114,173,71,172,76,59,53,58,56,14,8,9,9,511.7002374
141,101,77,159,176,69,161,74,56,56,65,61,3,4,7,5,536.4701186
174,197,85,102,186,88,171,90,41,38,44,39,10,7,10,11,323.6182682
184,97,31,186,167,35,174,35,45,52,43,48,3,5,7,7,690.5959259
185,50,103,112,195,104,175,101,29,25,23,27,4,10,8,7,238.6926325
162,188,88,104,157,94,165,90,35,29,28,33,10,6,8,10,268.6116638
181,194,76,173,167,72,182,74,60,51,54,55,11,11,2,7,572.6955937
184,109,70,72,178,64,171,66,54,61,53,56,7,9,8,10,550.7573963
178,189,72,116,158,69,166,70,52,44,51,49,7,11,13,9,477.1992309
161,138,58,189,169,50,169,54,20,27,23,25,9,9,14,10,417.7440356
181,191,72,51,182,66,171,68,63,60,70,65,6,14,8,11,587.7348843
173,127,102,162,168,104,172,103,14,14,17,18,5,9,10,6,170.0300984
185,69,71,137,182,70,177,73,54,57,59,57,7,0,-3,2,601.1807809
154,155,81,174,156,81,174,83,53,57,54,54,6,6,12,7,487.9936706
175,101,68,102,191,66,180,69,50,54,60,55,14,12,8,9,572.3144595
183,159,77,62,189,77,182,80,21,23,18,22,7,-3,5,2,376.539873
162,172,70,148,173,72,161,72,29,35,36,33,7,8,12,8,357.9710321
171,166,97,171,200,93,184,93,57,57,52,56,4,7,10,6,497.4823921
163,60,67,121,160,75,177,71,22,30,32,27,3,6,1,6,404.3180529
185,96,53,185,189,50,187,54,37,42,43,39,8,14,6,10,573.1459993
184,118,52,65,183,52,182,48,46,42,45,43,11,16,10,11,598.7417659
159,87,66,176,140,69,160,69,17,17,18,22,11,8,5,8,300.907141
181,142,54,71,170,54,176,58,23,16,22,21,12,5,15,10,401.3494182
180,175,78,61,168,69,175,74,27,23,26,28,0,8,8,4,399.9837177
183,87,63,179,194,60,180,63,44,49,49,44,6,9,8,6,558.9090609
176,79,84,139,185,82,180,81,40,37,40,40,9,5,3,8,430.1130963
192,56,67,187,178,64,178,68,67,64,61,62,10,4,6,9,612.903368
187,73,79,178,202,82,184,78,53,52,49,54,12,5,12,8,545.1746016
175,59,70,163,167,75,174,70,64,63,60,65,14,15,15,10,597.7307705
177,93,78,133,188,75,174,76,33,31,33,36,5,7,-2,2,448.2651017
180,143,80,180,204,83,189,82,58,56,54,59,-1,0,5,3,608.0614347
173,77,72,195,159,70,175,67,57,60,59,60,5,2,6,2,641.4705143
176,101,87,109,168,88,167,83,36,38,37,33,13,7,15,11,302.9518073
160,98,95,193,177,94,170,92,55,60,58,58,5,5,7,8,442.8154212
162,189,63,64,163,70,165,66,53,53,59,55,-1,7,7,2,576.6486023
170,102,61,182,182,60,176,60,41,44,43,45,7,6,2,7,555.9681908
179,60,53,73,163,50,179,49,51,51,57,56,12,7,7,7,688.8860901
147,160,73,122,167,73,165,75,57,62,58,57,-2,-1,5,1,549.5863839
171,155,84,165,172,92,167,89,61,57,61,61,11,12,2,7,471.2818138
179,156,51,147,194,58,184,54,32,25,25,28,11,15,8,10,493.7466125
178,117,80,102,176,87,158,83,59,54,56,58,2,10,11,7,446.956494
159,79,57,195,176,51,178,54,32,37,31,34,8,11,7,11,498.583375
143,114,80,124,140,76,160,78,22,23,23,26,0,2,0,5,303.0221696
183,139,65,119,182,71,167,69,42,41,46,43,14,9,15,11,433.903605
149,108,58,94,154,57,166,54,23,24,30,26,4,-4,4,1,475.0410406
188,117,75,164,190,75,176,71,33,33,30,29,11,2,12,7,405.582833
171,198,87,72,162,93,173,88,51,53,45,49,6,5,6,5,442.5536914
184,150,67,67,169,70,173,68,52,48,57,53,7,4,6,2,584.4331135
170,90,66,119,154,63,173,67,17,22,16,19,4,13,8,9,338.543572
185,75,69,191,167,64,166,65,60,58,58,57,3,11,5,8,555.4048512
185,184,100,165,154,102,174,98,27,29,25,30,13,3,4,8,260.3452746
188,90,64,132,156,68,172,65,21,21,24,20,7,7,14,10,343.8782503
168,138,65,74,178,73,174,70,21,17,19,18,7,8,8,5,348.843568
174,128,59,99,166,64,173,62,65,70,68,65,7,8,2,4,674.1059977
192,85,58,96,188,67,176,63,55,49,51,52,9,9,6,7,581.5786225
181,90,65,198,191,68,173,64,68,63,65,63,6,1,6,3,659.821536
195,135,66,109,187,67,180,70,47,53,57,52,2,0,-3,1,606.4323674
170,163,76,131,165,74,175,74,43,45,43,40,6,4,7,2,487.5913048
178,149,70,83,195,70,180,73,23,18,23,18,-3,-2,0,2,380.2701165
175,104,60,108,162,60,182,61,51,51,50,54,9,11,10,8,622.5183676
158,195,73,145,183,79,163,76,44,45,49,46,9,9,3,8,422.796223
180,160,93,154,185,92,174,91,53,60,51,56,-2,-3,0,1,498.7330934
159,86,78,69,182,76,164,73,61,58,61,63,13,6,16,11,523.06795
169,197,63,64,188,70,173,66,33,34,33,37,8,3,6,7,467.1468582
163,113,61,82,162,64,170,61,41,38,42,42,7,7,-1,2,543.4399216
175,125,65,174,172,61,185,61,54,50,49,54,13,11,9,10,619.5296193
166,152,56,57,181,62,176,59,38,39,33,34,-3,1,2,2,529.0734189
180,136,76,123,171,75,170,79,34,39,43,38,8,5,7,3,423.284247
186,86,60,189,168,62,175,65,29,29,30,30,6,4,11,6,443.884803
154,155,93,63,163,85,158,89,52,57,50,55,8,13,6,9,385.1247381
191,116,84,79,189,78,173,81,21,18,17,22,8,12,5,8,293.783269
159,120,83,187,170,90,167,85,67,65,58,63,12,6,3,8,495.437299
179,198,55,74,159,54,171,51,48,43,46,44,5,12,9,9,561.5892651
182,187,54,199,179,56,185,57,20,22,27,25,8,3,11,7,486.4290725
156,51,65,135,155,58,173,62,41,47,48,46,11,4,7,8,534.6587009
152,122,75,191,155,75,172,80,49,56,51,53,4,10,9,7,488.0121436
171,168,64,153,174,61,182,64,52,50,57,52,5,8,10,5,615.4310388
186,153,83,188,158,82,167,85,57,59,58,62,12,13,11,8,488.5003313
176,93,84,62,179,76,174,81,17,24,23,19,0,3,3,1,327.2005477
153,199,83,139,157,79,169,81,18,25,18,20,12,10,6,11,243.1744256
182,142,99,195,179,100,187,96,42,47,41,45,3,5,0,1,462.1109057
175,191,78,165,178,81,166,80,17,23,20,21,4,2,7,6,278.6103471
156,105,76,184,182,73,176,76,29,29,27,26,13,7,10,9,346.8751273
163,169,66,174,183,60,172,61,60,51,58,56,13,7,9,9,587.6611544
196,150,66,147,187,74,177,70,22,27,19,22,2,6,10,5,388.4454747
193,176,72,75,163,72,177,71,36,41,36,37,4,5,-3,2,490.8390474
191,148,67,85,197,62,181,67,57,59,55,54,8,5,11,10,574.7250928
167,59,89,154,189,90,169,90,50,54,49,51,5,-1,-3,2,449.5203217
175,60,82,106,188,78,185,83,42,33,42,38,15,8,12,10,415.2092121
172,53,63,67,182,64,183,67,62,55,56,57,8,5,-1,3,649.4417955
184,101,65,56,194,66,180,65,17,27,20,22,-1,4,-3,2,444.0275476
169,147,68,156,176,65,169,63,42,43,52,47,10,9,9,6,531.1261076
178,89,54,83,186,60,168,56,32,32,37,37,9,11,6,7,497.2184826
191,177,71,171,160,66,178,69,42,41,40,42,5,8,2,5,513.8499124
161,125,96,194,193,98,174,95,61,59,60,64,6,8,2,5,501.4944825
183,76,57,188,160,55,172,56,36,33,36,32,4,6,5,9,468.6516216
165,98,73,109,172,76,175,72,27,26,18,23,13,8,11,10,341.0838637
192,60,92,104,171,92,175,88,53,54,55,52,7,1,4,4,475.2431558
194,52,52,152,176,58,178,53,24,28,24,24,5,5,6,7,474.1213383
157,99,68,178,172,71,169,66,19,17,26,22,14,14,5,10,339.5446267
161,58,73,78,160,74,169,69,59,67,58,63,9,12,5,8,585.3765869
158,50,72,131,177,70,178,75,48,55,56,53,6,7,3,3,563.3610979
176,95,90,192,194,89,177,89,33,38,39,35,11,12,4,8,347.8263771
175,184,63,53,149,70,163,65,55,60,58,55,6,-2,-1,2,571.9641364
196,166,84,136,185,91,176,89,58,57,54,59,1,5,2,1,535.8779504
193,98,68,195,194,68,180,65,54,52,59,54,7,14,8,11,572.4964254
185,137,59,131,174,65,169,64,35,38,39,34,2,9,6,7,443.36113
177,178,80,92,195,87,181,82,36,40,44,39,11,12,11,8,424.4202336
184,191,81,128,148,80,168,85,60,67,61,64,6,6,14,11,486.0643142
189,101,99,173,186,102,172,98,46,36,44,41,4,5,5,9,311.1284189
155,148,58,179,161,55,172,59,42,45,46,42,2,0,7,5,541.4102357
160,186,94,163,155,88,160,89,63,64,66,61,7,7,2,6,450.7499473
171,58,110,63,191,114,173,110,23,29,30,27,6,11,3,6,192.3498262
183,104,67,154,191,64,176,63,25,26,28,23,7,10,5,5,423.6136322
152,190,71,119,145,71,164,70,54,51,46,51,7,5,1,5,507.4830929
195,120,73,149,155,73,175,76,23,26,28,23,11,7,9,11,310.4239508
174,192,72,72,158,67,177,70,59,53,56,58,0,9,6,4,609.1235334
157,57,70,89,153,78,172,73,55,51,51,50,7,12,8,10,483.4135656
149,82,84,195,178,91,158,86,36,34,26,31,14,14,11,9,255.9913304
183,164,64,135,170,70,169,65,35,35,39,35,7,-1,7,4,463.5864399
198,120,65,101,196,67,185,68,42,40,44,40,5,4,3,3,549.5735276
194,88,82,131,158,76,175,79,28,32,30,31,2,2,7,2,409.0402917
169,76,56,124,156,60,166,61,16,23,18,18,9,6,6,4,371.2463577
188,191,77,115,163,77,178,73,30,32,27,32,13,9,9,8,413.3963889
151,163,90,99,159,83,171,86,35,28,34,31,10,7,10,6,328.7330901
171,96,66,90,157,64,167,67,44,47,42,44,6,5,-3,2,514.210926
163,114,74,79,178,80,172,75,20,29,21,25,5,10,6,6,353.5604629
168,154,72,96,152,73,169,71,37,37,39,38,12,10,4,8,423.5770724
203,102,50,94,170,50,184,53,29,23,22,26,12,14,15,10,487.9195047
191,162,70,110,160,72,173,72,65,57,57,60,10,3,6,6,580.3646642
166,130,61,144,177,61,168,62,18,21,23,21,16,10,16,11,343.8625226
194,85,81,154,191,78,181,79,35,37,37,37,8,12,14,10,413.0962795
177,199,80,134,186,84,179,80,54,55,62,57,14,11,11,11,511.799377
157,93,80,98,161,83,175,80,62,58,54,58,10,8,8,6,536.5658314
169,70,66,185,143,66,163,70,63,59,62,64,12,8,14,9,554.7231866
171,55,75,192,182,80,164,79,28,25,23,26,14,7,6,10,278.6447363
189,101,69,177,166,62,172,67,20,20,23,21,16,15,10,11,334.5437101
171,105,70,51,158,70,165,72,50,44,42,45,-3,4,2,2,486.4232662
167,163,67,80,162,62,173,62,48,51,47,48,10,14,14,10,531.4434537
163,135,90,156,174,90,174,86,35,30,33,35,6,4,3,3,385.9764988
166,118,59,132,171,51,160,54,21,15,14,18,7,-1,8,3,388.9874005
186,116,88,83,194,90,179,86,23,33,28,28,3,9,3,6,342.7605182
169,74,108,63,177,114,166,111,55,49,50,50,5,4,1,6,298.8675207
197,95,61,103,196,67,181,65,50,49,50,49,7,3,11,7,575.3333528
188,61,77,104,161,86,172,82,38,35,37,37,9,10,3,7,381.6958254
191,185,92,152,178,87,189,90,29,27,31,29,10,2,4,6,370.0058894
165,128,89,112,190,96,175,92,16,22,15,18,-2,-3,-2,2,262.2455044
174,131,61,67,146,63,159,60,27,29,30,27,9,12,3,7,381.2362954
168,72,66,95,174,70,165,69,26,30,24,28,5,3,12,8,357.7964176
165,174,82,186,198,74,182,78,52,50,60,55,1,2,6,6,557.8428522
174,122,80,84,191,77,181,79,34,32,37,36,-2,-2,-1,1,469.3813172
198,90,99,89,172,93,180,95,26,27,24,27,7,14,15,11,258.9944248
176,101,63,122,180,68,164,67,56,63,59,58,11,9,8,11,522.1514471
171,57,48,178,178,42,175,47,47,46,42,42,9,4,6,9,582.8562057
178,113,76,178,157,76,167,72,55,57,56,53,4,8,5,4,529.0024516
195,68,74,139,170,67,176,71,37,37,35,40,13,12,8,9,455.9137793
159,76,76,58,168,74,165,73,53,56,52,57,0,-1,4,2,554.8113454
148,170,89,172,161,91,164,91,34,37,39,37,-3,-2,6,1,347.4882346
160,199,66,199,146,74,163,69,36,42,45,41,8,7,12,9,419.9596389
194,115,86,135,181,86,175,91,18,26,16,21,5,2,8,5,266.7422531
174,130,72,117,188,81,182,77,54,51,54,51,0,7,-1,4,551.0980146
176,178,97,58,180,102,174,97,63,64,62,65,10,7,3,6,489.5187644
156,156,91,138,194,91,176,89,70,69,66,65,11,5,8,10,510.9621302
179,109,83,53,188,82,173,85,57,60,63,60,10,14,11,10,488.0752335
195,85,85,180,159,81,179,86,21,18,24,21,8,3,10,8,287.7818848
174,174,55,137,169,61,184,56,40,42,44,45,6,9,11,6,613.9499274
178,79,78,171,158,72,170,76,60,59,64,62,-3,-1,3,2,588.1904523
179,149,65,118,162,56,169,60,26,25,24,26,2,3,5,2,447.209029
175,133,94,135,182,92,185,90,26,26,25,26,2,11,3,7,327.5421146
186,156,77,199,191,77,174,75,44,41,38,41,3,9,10,7,448.1649215
176,133,67,69,170,68,169,72,41,41,43,43,5,2,3,6,462.3718373
182,136,80,64,159,78,176,76,44,44,48,46,5,2,10,7,482.7235051
181,97,69,115,161,67,179,67,19,23,24,22,3,0,-1,1,437.9644032
166,178,70,129,163,67,172,70,49,51,48,53,10,6,4,8,530.5586714
192,141,57,194,178,57,174,60,33,35,40,37,5,9,2,6,506.2338312
186,181,50,131,201,56,182,54,62,66,62,65,4,5,1,6,737.495403
171,55,59,98,163,67,182,64,39,37,35,39,8,4,6,7,523.1535386
152,83,73,108,153,78,164,73,34,27,35,31,4,2,2,1,401.3361487
181,80,95,98,196,93,181,91,49,43,43,48,4,3,12,7,438.9249305
170,116,95,82,175,93,179,98,37,29,37,32,12,10,4,7,299.152689
159,137,82,109,185,82,173,87,23,22,28,27,-1,6,-1,2,334.7699721
161,142,85,159,154,93,168,88,54,58,60,58,6,8,2,6,469.180234
152,123,74,192,183,75,166,70,39,35,44,39,12,6,10,7,430.2719657
169,165,61,89,145,64,161,60,35,40,37,38,8,6,15,11,426.4469198
163,122,66,103,157,70,167,67,40,44,35,39,10,6,5,7,449.0739809
184,78,76,77,172,76,175,76,46,45,43,43,4,12,4,9,447.0375771
176,97,68,128,147,69,161,64,40,39,37,42,6,7,4,5,470.8996102
161,120,88,56,171,81,176,83,54,49,54,50,0,8,-2,3,498.4214765
178,111,66,133,204,65,190,70,46,48,50,47,4,3,7,8,569.1897645
175,74,89,104,165,89,171,84,28,26,26,29,4,-3,4,2,353.6438388
186,113,85,92,179,83,167,88,49,43,42,47,8,4,10,5,405.2283716
165,147,71,80,159,61,170,66,66,67,65,62,9,0,1,5,619.716936
201,141,71,188,198,70,184,73,67,61,68,63,8,0,3,3,659.0906676
150,152,81,78,175,79,162,83,45,38,44,41,7,12,12,8,353.4230521
174,72,59,181,191,63,182,62,40,37,40,36,-2,8,-2,3,546.0753533
165,106,68,90,165,70,174,73,26,26,25,22,6,4,-4,1,387.6919071
174,162,68,196,150,67,166,71,23,20,18,22,6,3,10,6,328.918102
154,135,66,145,161,66,165,67,22,21,22,20,7,1,6,5,339.848759
186,132,54,92,168,55,170,57,39,44,38,42,1,6,2,2,564.4823743
160,63,65,58,180,64,171,62,40,40,49,45,-2,0,-1,1,568.2250983
156,55,68,169,168,64,173,69,51,47,47,46,11,5,7,6,512.0443972
178,199,102,181,177,95,179,98,48,40,39,43,12,14,12,10,345.0984208
173,177,65,157,149,57,169,61,43,41,42,45,0,7,5,5,536.282857
172,196,47,52,181,52,172,52,25,26,33,30,13,7,5,8,484.3753734
159,87,57,198,196,53,177,53,42,38,39,43,7,0,0,2,618.1843294
164,81,73,115,190,82,180,77,19,21,22,18,7,-2,-1,3,351.368045
146,129,51,180,181,49,164,52,61,58,60,61,11,15,9,11,617.4709376
171,72,75,184,179,77,161,78,53,55,47,52,13,8,7,10,426.5109157
179,188,67,150,164,72,163,72,45,35,41,40,11,8,7,11,386.5189781
178,79,91,81,156,94,175,90,61,67,63,62,-2,-2,1,3,531.4618377
190,199,64,150,182,66,177,61,57,62,58,61,11,8,11,11,622.5043248
166,96,88,125,179,94,166,90,19,18,17,22,2,-1,5,3,256.9052196
165,134,89,102,166,88,181,88,16,17,21,20,5,8,6,7,285.8741227
173,100,96,50,165,93,165,91,21,30,27,25,5,1,8,4,257.6739172
195,133,62,87,178,57,175,59,34,31,36,31,7,7,6,10,450.9621378
172,64,86,67,158,82,168,86,51,51,48,49,12,13,15,11,388.5066875
150,157,63,106,154,56,170,61,44,38,46,43,4,-1,6,1,557.6800254
189,185,64,184,161,62,172,63,61,64,69,64,6,6,2,7,637.655985
184,149,73,187,165,68,167,68,31,31,27,29,3,3,7,7,383.5532748
175,83,62,83,181,66,170,62,35,38,36,37,3,-2,-2,2,508.2092742
195,87,73,95,172,68,181,71,26,22,25,26,2,-1,7,4,430.1861226
169,66,73,106,191,68,177,72,26,31,22,27,12,10,10,7,392.1075302
185,52,39,149,171,38,169,43,65,62,68,63,5,-1,8,4,743.7202514
182,147,73,113,181,81,165,77,51,59,58,56,4,6,1,5,508.5795032
199,76,69,110,172,74,179,71,42,42,40,42,-2,-2,6,3,524.7742352
182,89,86,78,189,85,175,82,23,24,24,25,13,15,14,11,295.5588068
146,147,84,117,147,83,166,79,62,61,59,61,-4,5,-2,1,557.8495171
182,124,53,126,163,51,170,52,51,56,50,52,2,5,3,7,611.7167069
155,103,47,189,173,57,169,52,28,29,33,30,12,13,9,8,471.7791368
185,139,97,131,162,99,180,96,34,38,39,35,7,-1,7,2,368.2356737
165,184,71,60,174,70,177,68,45,37,43,41,7,5,15,10,473.8504656
185,199,56,186,155,64,173,61,59,59,64,62,8,1,1,5,656.2983303
181,182,85,191,169,93,175,88,65,55,58,60,6,0,3,3,530.94003
152,56,65,73,166,65,172,62,54,60,55,55,-3,-3,5,2,627.1671509
158,59,104,174,171,102,177,99,36,29,30,31,1,10,5,5,293.8416608
193,165,73,189,198,65,178,68,45,48,49,48,16,6,12,11,512.9068072
189,196,49,127,177,52,172,51,25,31,23,28,4,2,7,3,511.7024466
189,53,83,119,165,84,181,86,50,60,58,55,13,15,10,11,479.648562
193,170,52,164,185,52,181,54,51,47,50,52,8,10,11,9,631.9820491
164,56,72,123,180,77,176,76,40,40,37,42,-3,-3,-1,2,492.6382107
167,157,73,109,183,68,180,68,15,13,23,18,7,4,7,6,377.7233085
164,113,94,193,171,92,172,92,39,45,43,44,6,8,8,11,346.0045669
171,58,69,59,190,79,175,74,34,31,36,32,12,11,6,8,398.1489938
173,61,61,67,191,61,175,64,21,24,28,26,5,5,5,3,447.2174722
188,81,62,61,187,66,178,66,34,37,33,37,6,7,8,6,494.4093006
184,175,51,126,182,58,182,56,27,34,32,32,12,10,9,10,500.344354
201,144,68,120,172,70,186,71,45,41,35,40,10,9,6,5,525.9120721
182,58,103,177,166,100,182,105,43,36,35,38,5,6,5,4,333.5153621
154,139,76,73,171,74,170,74,47,42,41,45,9,11,13,10,442.3167719
183,143,77,164,181,69,180,74,21,16,26,21,9,8,7,7,357.2063462
190,111,59,56,150,58,170,63,47,47,43,45,0,-2,6,3,543.6120663
200,144,87,58,163,80,183,82,62,61,61,64,5,9,6,7,586.3633662
192,135,69,52,165,71,176,69,62,63,68,64,4,7,2,3,651.6306894
168,119,82,173,168,83,178,83,29,30,31,31,11,4,8,9,351.1546303
155,146,60,61,157,63,160,60,62,65,60,62,8,7,3,5,609.6785218
170,104,80,84,160,80,176,80,42,43,40,41,4,4,2,7,431.2745197
170,131,79,102,157,78,174,74,37,40,44,39,5,10,8,10,421.4721035
167,124,75,172,185,79,175,80,35,43,35,38,8,10,5,5,425.1754495
173,161,76,61,191,77,186,76,24,21,23,20,13,11,11,11,337.1518849
155,52,61,134,192,62,173,63,66,60,60,61,10,7,12,11,596.8556592
166,122,77,194,184,75,168,77,40,43,40,43,11,3,8,7,425.5705373
182,105,86,180,158,79,165,82,43,35,39,39,6,1,3,5,376.6535778
169,84,51,199,191,58,182,56,54,44,47,49,3,8,7,4,646.0087957
172,99,69,142,163,69,169,72,17,22,17,22,-1,9,7,4,351.9303154
170,58,80,122,157,79,166,78,52,54,47,50,14,6,10,10,434.6875385
162,197,46,123,173,49,169,51,38,39,37,39,4,3,6,3,566.3224267
191,104,78,152,188,86,187,82,42,45,48,44,13,6,7,10,464.4328142
187,129,71,61,175,71,179,68,23,20,22,22,11,13,4,8,382.7107293
190,150,70,72,170,62,174,66,17,22,17,22,7,-3,6,2,415.0394216
169,172,80,113,170,77,174,75,53,48,55,50,8,5,-2,3,531.496439
163,144,93,182,177,95,169,93,59,61,55,56,-1,1,6,2,464.6989386
162,181,53,142,177,60,160,57,58,59,57,62,1,4,8,4,630.8476601
190,166,57,66,158,62,174,60,49,53,52,51,4,10,7,9,570.6381611
143,110,67,154,168,63,162,66,23,24,28,24,10,16,8,11,314.2398089
191,198,84,156,202,86,185,84,41,44,37,39,2,-3,7,2,471.6912081
153,52,80,190,176,75,157,78,26,27,27,28,5,0,5,3,316.5053951
155,136,86,64,177,89,161,88,50,48,57,53,11,9,8,6,412.8109885
190,166,95,127,173,93,173,98,43,40,37,38,7,7,8,8,304.6935399
156,181,44,91,179,38,167,40,46,45,43,42,1,3,3,3,631.2170083
152,124,97,63,148,100,167,95,24,31,28,28,12,5,11,10,222.2035439
156,197,60,178,147,69,162,64,46,46,42,43,0,1,9,5,479.0868784
184,111,60,146,190,61,178,64,16,16,22,19,6,7,7,7,386.8097225
180,152,96,161,168,90,181,92,62,67,60,64,14,7,7,9,515.8934151
173,153,77,147,176,75,181,72,40,34,41,36,8,11,6,6,468.1228152
166,95,66,112,181,62,177,62,31,32,33,35,11,6,5,10,469.8150722
165,123,73,166,191,70,171,74,66,63,66,64,12,16,6,11,550.8972138
144,146,65,118,162,66,160,70,43,34,43,38,0,8,8,4,422.1744934
150,91,76,131,161,77,164,81,40,33,38,36,2,2,4,2,385.4758829
161,65,81,84,158,81,173,78,23,30,24,25,6,3,8,7,332.9353077
162,115,80,127,180,77,179,82,44,52,53,48,6,16,10,11,446.451464
184,86,84,150,168,85,175,86,25,28,26,29,1,1,5,1,367.5755159
159,193,72,91,176,71,168,73,41,44,50,46,7,3,0,2,499.897844
156,106,91,133,173,90,171,87,28,34,31,31,8,7,3,3,343.4042678
173,168,67,97,175,68,181,65,43,47,45,48,5,11,8,10,548.8425462
163,69,98,86,166,98,166,100,58,59,57,58,9,8,5,9,380.1509259
173,194,80,104,170,72,168,77,24,23,25,25,-1,3,3,3,347.6057884
186,90,81,184,195,79,179,80,50,50,50,45,4,9,2,5,482.4134793
176,192,72,86,165,70,172,69,50,55,52,50,3,6,9,4,547.4892863
154,180,87,84,156,87,167,83,40,41,40,42,10,8,9,8,381.5591889
179,188,90,68,191,90,173,92,36,34,32,33,3,2,5,3,340.3010243
180,199,53,97,184,53,182,50,56,52,52,53,13,5,13,8,670.7605356
180,136,79,54,178,70,185,75,18,25,25,23,6,4,4,9,371.0078862
161,81,71,100,162,72,168,71,24,30,24,25,11,12,7,7,348.6921423
187,71,95,177,161,90,168,91,35,35,33,35,2,6,2,1,352.8439126
166,125,85,188,159,93,164,90,48,49,42,44,12,14,10,11,324.937399
184,90,58,142,155,65,169,62,36,32,36,32,6,4,2,2,477.9357915
162,193,85,51,166,83,168,82,37,36,35,34,4,5,3,3,375.9965358
158,66,68,196,186,72,172,67,53,56,56,53,-1,5,4,2,588.9387091
174,155,89,105,154,86,174,87,19,17,23,19,8,5,8,4,277.8952758
159,163,83,71,164,91,164,87,48,51,44,47,11,14,10,11,356.0686641
164,152,63,59,167,62,176,67,27,32,30,27,0,0,3,2,448.5616662
185,94,71,180,170,67,178,70,28,34,28,32,3,11,8,6,441.3793633
154,73,78,126,167,72,161,73,34,42,44,39,5,9,3,7,394.9705656
168,195,70,104,180,77,167,72,35,34,26,30,2,7,1,2,403.2427132
190,155,65,74,191,67,174,70,23,23,25,21,10,13,7,8,346.4630094
191,147,66,138,170,64,174,67,63,62,60,60,1,-2,-3,1,645.3876887
178,105,68,177,188,60,187,64,18,15,16,19,4,5,13,8,418.0431781
156,174,56,147,158,56,163,57,65,69,69,64,14,16,14,11,604.905332
192,71,88,51,177,85,175,83,58,53,56,58,11,1,4,6,521.6771456
178,170,75,140,168,72,169,75,35,33,36,35,2,5,12,7,392.9925258
187,69,70,194,161,72,175,72,47,50,49,48,5,6,4,4,532.184379
169,129,58,97,174,65,175,60,13,21,20,18,8,6,8,10,369.1060868
179,184,71,92,198,64,185,66,59,54,64,59,3,5,-1,2,682.1394735
183,131,73,51,153,74,166,72,48,44,46,44,3,3,0,3,477.6371121
180,189,81,54,198,75,186,76,55,58,61,58,5,8,9,9,580.3127204
193,161,71,171,188,76,180,75,62,65,61,63,7,12,9,10,583.9923842
159,87,71,130,171,69,167,66,24,28,24,27,13,13,3,8,376.5988612
155,113,59,62,174,66,172,64,36,45,44,40,3,4,5,7,490.1301511
186,191,71,179,184,66,175,66,27,27,29,25,6,7,12,11,371.1756159
187,122,82,195,183,77,177,80,36,41,37,39,1,5,-3,1,465.4199342
174,195,70,60,167,78,170,74,53,50,43,48,4,10,4,6,487.4481706
190,164,70,123,190,71,172,70,37,34,31,32,10,14,11,9,398.7596891
174,91,73,131,183,75,171,74,61,66,68,65,10,12,3,7,587.2631094
188,59,75,75,193,68,179,71,61,57,67,62,13,10,15,10,594.4698193
147,175,80,88,147,73,162,78,65,62,57,62,0,5,10,5,525.1669075
160,63,65,176,164,65,178,69,39,35,43,40,1,4,0,4,509.8978941
165,151,77,136,157,73,177,77,16,24,19,21,-2,-1,7,2,363.4660789
151,130,70,55,162,70,160,72,57,64,57,60,9,8,5,8,515.2812264
159,179,76,103,181,73,166,72,51,45,46,50,1,2,-3,2,520.3238397
193,75,52,118,170,58,177,57,43,45,46,47,9,5,6,6,592.9762716
157,126,57,143,171,65,166,61,59,58,59,55,9,8,11,6,579.4409645
166,119,66,82,162,71,175,71,22,21,16,18,13,16,11,11,308.4687804
179,179,79,63,174,79,173,81,47,49,52,48,1,4,7,2,490.3109749
182,173,72,125,171,74,174,71,28,34,36,32,11,11,6,10,394.3664429
162,188,83,147,143,83,158,88,64,70,63,65,11,8,11,7,465.488428
177,148,39,88,153,39,166,44,49,52,54,54,16,14,11,11,620.8724776
174,168,64,50,158,70,175,67,24,28,28,28,6,2,5,6,422.3393491
170,88,63,143,167,64,170,60,47,53,45,50,-3,-2,0,2,596.6467197
180,180,66,85,173,68,172,67,32,33,28,29,9,9,4,6,417.4577182
163,158,65,59,167,62,183,62,58,65,63,61,12,9,13,8,662.0178574
189,72,81,144,177,80,181,77,52,53,58,56,13,5,8,9,541.2345673
179,50,74,199,162,81,173,78,65,67,61,63,5,9,9,4,583.1601313
172,185,78,154,166,85,170,81,23,23,24,23,3,-4,0,1,336.6751208
162,152,52,115,178,57,179,55,41,51,44,46,6,8,8,9,584.7707106
160,139,84,51,188,80,175,80,25,24,29,26,11,3,13,8,331.9080582
173,87,90,187,159,93,165,89,26,25,32,27,2,5,5,1,300.9105357
187,53,57,54,158,60,173,62,55,50,51,55,13,4,7,9,579.6600647
186,153,90,91,152,90,168,89,49,53,44,48,7,6,10,5,411.4536701
174,67,83,73,168,80,181,80,16,16,17,21,12,12,13,8,324.6119362
173,157,72,103,151,71,169,71,58,54,59,56,15,12,10,11,510.9142373
193,55,59,184,184,56,185,56,68,63,65,65,7,5,8,3,760.947598
166,162,56,79,174,58,174,60,30,30,26,25,3,5,2,6,435.7879367
180,119,57,51,176,62,171,58,43,47,47,43,8,5,8,9,519.6696453
176,115,66,60,166,70,159,67,47,54,56,52,4,10,8,5,508.9740981
177,159,91,134,171,86,172,88,32,28,32,29,10,11,9,6,311.0509329
173,88,66,176,180,67,174,69,58,60,61,56,10,8,4,8,562.3489936
173,97,61,139,180,68,183,65,40,40,48,44,3,6,9,5,563.8925818
170,194,71,131,184,78,168,76,42,36,37,41,7,1,1,3,447.7510101
197,115,97,128,185,87,179,92,46,52,47,51,9,8,8,11,417.4204275
203,104,65,152,197,65,184,64,47,52,54,50,1,-2,-2,1,639.3833811
191,141,90,166,182,90,174,85,50,50,43,48,4,10,13,8,435.1685527
189,154,64,145,175,65,171,64,36,29,38,33,15,11,10,10,425.7188336
170,110,60,156,182,67,166,64,17,17,22,19,7,2,0,4,362.0855888
166,199,77,119,178,69,172,74,59,69,64,64,-3,-3,3,1,627.8815672
190,169,60,61,197,56,179,57,65,68,67,64,6,6,3,3,725.8711833
182,184,74,148,184,70,186,71,29,26,28,25,15,10,12,11,391.2818677
171,81,82,54,187,84,187,86,45,39,37,42,6,4,5,1,494.1406018
172,63,49,86,181,55,180,53,32,32,31,29,10,14,6,9,498.8178175
191,193,87,141,158,77,176,82,49,49,55,51,10,1,5,5,495.4838337
177,166,76,160,183,75,173,76,38,44,42,39,5,-1,6,2,462.8288557
186,163,75,88,176,85,177,80,16,14,19,18,2,2,-1,4,319.0731377
160,110,87,79,158,84,175,88,50,46,50,45,15,6,15,10,391.8293405
164,193,73,136,202,79,182,75,42,43,43,43,4,2,2,5,507.3282156
183,74,69,105,190,70,179,69,68,65,59,63,3,1,5,2,666.3710314
175,122,71,104,166,76,178,76,48,44,40,44,13,14,8,11,451.1460131
186,125,53,103,168,61,173,56,63,58,64,60,6,2,8,6,660.7282904
190,123,79,121,171,76,170,76,28,25,21,24,-2,1,-3,2,359.2419889
198,78,56,79,185,62,178,60,32,31,31,27,10,7,9,7,455.5639568
197,187,79,149,157,84,177,79,45,40,38,41,7,14,5,9,426.2667272
165,170,69,198,194,66,174,70,57,53,52,55,5,5,12,7,557.6935812
191,172,75,58,198,66,180,70,43,49,48,47,11,3,11,8,526.2778754
183,65,54,173,176,60,166,57,43,36,43,41,10,10,0,5,519.6234499
167,166,76,151,165,74,180,79,50,57,53,54,5,10,3,7,530.8959979
171,87,69,158,166,65,182,69,61,61,59,60,8,9,13,9,612.5465568
176,161,91,58,164,91,166,91,48,55,53,51,10,1,1,6,403.0654078
187,176,77,70,190,76,171,79,62,67,65,63,10,12,11,8,541.4350176
191,106,70,159,189,72,176,75,27,24,27,25,-1,-2,-1,2,396.6815279
199,165,96,194,205,95,188,93,52,58,57,56,1,2,10,5,518.7909811
168,130,97,195,172,91,166,94,39,33,32,37,9,6,2,4,320.0216901
161,174,55,59,199,50,179,50,19,26,29,24,10,12,6,10,470.3036884
167,104,55,199,185,58,185,60,57,60,59,61,2,-1,0,2,722.846328
181,61,70,182,173,62,162,65,42,42,33,38,11,6,14,11,404.3016038
177,110,89,185,153,85,167,89,66,62,60,62,7,13,10,9,464.8046963
157,110,85,124,166,84,170,84,63,64,61,61,6,-2,-1,3,535.9331307
173,160,66,198,169,61,172,64,37,37,35,32,1,3,4,5,456.191611
189,133,74,170,182,75,172,76,47,52,49,52,10,16,10,11,475.972264
186,64,77,62,182,74,173,78,27,31,24,27,4,-1,2,4,367.8777971
189,93,51,126,156,52,174,51,23,22,26,22,7,9,6,6,462.2106997
174,88,91,91,191,89,173,93,43,38,41,38,5,11,3,6,345.5449283
176,179,88,179,193,83,177,83,47,40,43,45,9,0,10,5,459.1844411
170,166,52,190,182,58,167,57,22,17,17,19,7,3,2,4,400.8206792
177,110,66,136,192,65,174,69,34,28,26,30,5,10,7,5,425.2043925
192,73,69,59,191,74,178,70,44,50,50,47,12,12,7,10,505.6592153
189,85,79,117,176,83,179,82,39,34,32,35,8,12,8,8,390.7752184
160,155,89,196,183,97,163,94,39,38,41,38,13,10,14,9,277.8158304
151,153,77,51,148,75,165,72,56,49,47,51,8,13,12,9,475.0034602
180,181,79,104,161,81,172,76,59,59,57,59,10,4,3,5,557.242699
183,93,65,67,188,57,177,60,58,54,53,56,2,9,5,7,625.5692351
166,150,75,79,194,79,181,78,59,56,58,54,6,8,10,9,524.6944899
182,158,88,94,168,85,170,88,48,46,50,51,2,8,9,6,434.4620462
184,172,55,175,178,59,175,54,24,26,27,25,9,4,6,7,462.9083463
201,137,54,149,191,51,190,54,35,39,37,35,-2,2,-2,1,625.9844083
183,169,65,91,182,62,173,62,36,46,42,41,6,4,-1,4,530.5921832
174,144,79,92,149,78,163,83,26,24,24,24,3,8,11,7,263.7910007
151,195,85,167,183,79,168,81,66,65,64,61,14,15,7,11,487.2026506
168,153,80,113,198,78,180,77,45,45,51,48,8,3,7,8,499.4246058
171,162,58,124,170,58,170,56,26,24,20,23,0,0,1,1,462.8545793
194,105,62,165,189,55,175,60,45,49,44,49,10,13,7,9,562.958602
151,84,64,142,186,63,166,62,31,34,30,31,9,4,6,5,436.3740056
182,184,76,96,173,69,168,73,23,26,22,22,3,7,9,7,320.2670581
187,133,93,96,189,88,178,89,59,58,59,63,6,1,-2,1,568.6362666
187,114,64,105,163,58,183,63,37,39,39,35,10,4,9,5,522.7916416
191,176,70,60,166,68,175,67,17,22,24,19,0,1,1,1,403.2714892
160,124,52,195,167,54,172,56,41,39,40,44,12,11,4,8,547.6885357
163,56,63,101,183,66,178,67,39,39,31,34,2,1,4,1,505.2229147
165,96,87,193,184,84,176,86,40,45,40,41,2,-3,6,2,435.2321665
176,55,59,151,179,59,174,62,58,61,68,63,16,11,14,11,618.3676037
184,195,62,163,170,66,177,66,43,33,43,38,9,1,2,6,494.2172454
179,60,68,154,178,73,165,69,59,62,63,61,6,12,9,11,534.4143244
157,138,81,147,181,85,167,80,48,49,53,50,9,10,8,11,420.3400138
170,143,76,75,172,81,175,77,29,37,32,33,4,11,11,8,388.9961162
167,54,58,114,187,57,172,55,25,23,22,20,3,5,10,5,429.3838166
186,169,62,140,179,62,174,58,41,38,36,36,4,6,-3,1,545.575009
175,101,74,171,180,77,181,79,46,51,52,47,12,10,11,11,466.0145395
191,133,76,112,168,69,178,72,41,44,43,46,11,13,12,10,488.6212303
167,140,46,197,179,47,180,43,25,25,27,30,5,8,-1,4,589.3806985
182,99,88,168,158,91,177,88,56,56,61,57,8,1,8,4,511.7149672
169,130,74,150,178,76,170,74,56,55,55,53,10,8,12,8,501.1520197
171,183,90,145,193,89,181,89,62,61,61,63,5,5,4,6,546.2913757
176,75,72,83,157,71,177,72,64,57,57,59,7,2,1,6,590.6018055
200,188,78,169,187,75,180,74,23,16,19,19,4,2,12,7,345.2338678
152,191,59,106,141,62,161,58,43,42,48,46,5,11,3,7,512.3149634
179,125,80,105,180,76,166,76,40,38,38,40,-2,3,2,3,433.8635581
197,69,83,144,160,79,178,78,48,50,52,47,3,6,1,1,530.0553442
164,150,85,199,165,84,171,85,32,36,32,36,15,7,10,10,334.725179
181,125,89,67,204,82,185,84,13,14,14,18,6,4,-1,2,344.9629928
176,74,75,79,172,83,162,78,34,26,24,29,5,1,0,3,340.4610723
159,115,59,56,158,51,178,56,46,40,42,41,13,5,13,10,538.610469
162,76,66,142,165,61,179,66,29,36,38,34,6,11,7,11,443.3505396
159,65,63,132,163,63,177,64,45,44,37,41,6,3,4,7,515.7165729
176,190,96,159,177,93,161,93,17,18,19,20,11,8,14,9,168.7312253
199,110,76,63,197,75,181,75,25,21,19,24,4,10,2,5,389.2061411
155,112,82,123,150,77,169,81,48,38,45,43,10,4,9,8,403.9583228
177,134,68,166,183,68,171,73,48,53,52,48,5,13,11,8,481.6392916
164,168,50,79,181,44,180,45,27,30,25,25,5,5,7,10,507.0242421
168,59,65,88,164,63,162,65,61,60,60,56,14,6,13,9,528.4784199
190,145,73,97,170,67,182,72,58,50,56,54,-2,7,1,2,608.1588889
193,110,70,81,173,77,180,72,34,28,34,29,14,5,14,10,394.3259359
153,83,56,156,167,61,166,61,58,63,61,60,4,9,9,9,587.678811
167,149,74,147,164,73,178,77,61,60,56,56,6,7,9,10,525.6692501
157,135,81,86,165,85,168,80,60,58,56,55,2,4,10,6,491.620031
179,86,77,179,157,85,173,82,53,50,53,55,9,10,9,7,494.7991473
145,82,57,181,153,56,165,55,42,36,38,41,3,3,2,5,527.7015193
156,149,60,132,160,64,172,63,51,54,53,49,0,2,5,2,583.3848143
196,55,64,134,172,58,189,59,55,46,47,50,11,8,13,11,615.4223178
159,107,67,166,159,74,170,70,66,60,68,63,5,7,-1,2,624.9387906
193,175,75,174,160,67,173,70,42,50,47,45,10,5,12,8,486.1047083
160,82,65,125,154,66,171,68,61,64,60,64,4,7,12,7,610.9775731
169,133,72,138,169,70,163,74,58,57,60,57,1,4,-2,3,534.3721265
174,179,93,90,190,85,187,89,52,52,43,48,7,6,5,9,458.1383257
155,186,69,106,158,67,162,65,16,23,20,19,4,6,13,8,312.2874717
181,69,82,148,154,80,166,78,30,34,32,29,-1,1,-3,2,366.1983838
195,122,70,155,180,67,176,68,51,47,46,47,5,15,6,10,507.0811154
155,97,59,98,182,56,173,60,48,47,52,52,5,2,9,7,585.4705193
166,147,58,63,170,66,164,62,40,36,44,41,7,7,6,4,495.3315085
182,147,78,129,163,73,174,74,34,36,39,37,9,8,8,11,402.2645789
183,135,74,194,193,69,175,70,23,19,13,18,8,7,6,8,333.5616698
184,105,56,155,187,57,174,59,45,42,50,47,12,16,16,11,537.3860128
173,195,73,194,156,81,167,76,40,39,36,36,1,1,2,1,426.430631
154,188,63,130,165,64,164,68,50,48,50,52,2,-1,6,3,536.4634615
166,198,78,162,172,76,180,73,56,59,54,55,3,7,2,6,575.7813296
179,90,77,176,190,73,183,77,50,49,50,52,12,9,11,7,541.1043112
166,187,66,163,185,69,165,64,20,23,25,22,11,5,7,6,362.2134008
193,71,58,165,179,58,185,59,61,64,65,65,1,6,7,4,737.3052943
177,154,85,119,167,75,172,80,18,22,15,18,15,5,15,10,257.0005423
153,100,86,155,143,84,161,81,62,58,65,60,4,7,-2,3,509.1382515
193,111,78,143,186,83,179,82,42,42,36,37,-3,0,2,2,444.601392
152,120,77,79,188,72,172,74,44,39,36,41,6,1,3,2,479.963651
185,163,54,147,160,55,179,54,61,60,51,56,11,12,15,10,643.7382712
169,51,87,159,174,91,179,90,55,61,55,59,2,12,4,7,502.726652
203,133,81,188,178,84,184,86,28,33,25,29,14,8,9,10,339.3063202
185,80,77,155,189,81,172,78,54,58,51,53,10,2,3,5,512.2297122
193,132,96,98,170,94,179,98,51,52,56,55,3,8,13,8,430.8757792
166,53,70,170,188,78,171,75,22,30,25,26,7,11,11,7,347.0155348
202,99,63,103,193,64,183,62,50,46,46,45,5,4,0,1,614.5267655
161,130,74,130,175,70,175,75,61,60,59,59,-1,3,7,2,594.6491407
187,66,78,98,163,83,171,78,42,38,38,37,9,4,6,7,397.9136854
182,167,71,110,152,71,169,67,38,44,44,41,4,6,7,6,477.2565905
194,167,60,85,194,59,186,59,39,39,34,34,6,11,8,6,543.2566503
183,191,75,170,160,71,175,70,61,61,65,61,5,12,7,10,576.6647301
147,136,71,183,178,74,164,73,49,54,49,53,13,15,9,10,469.7951287
180,155,67,162,163,67,173,62,27,22,28,23,5,2,9,7,402.3134289
191,119,68,193,192,65,173,67,42,33,36,38,9,10,8,5,480.5642934
160,167,70,92,162,69,175,72,58,64,64,63,1,-1,-1,1,642.2299075
193,91,63,179,191,67,177,68,61,68,64,63,3,12,3,7,626.7526713
